1,google,gоοglе,xn--ggl-9yc60dsb
1,google,gοоglе,xn--ggl-9yc60dtb
1,google,gοοglе,xn--ggl-9yca42e
1,google,gоοgle,xn--ggle-0nd57e
1,google,gοоgle,xn--ggle-0nd67e
1,google,gооgle,xn--ggle-55da
1,google,gᴏᴏgle,xn--ggle-q33aa
1,google,gооglе,xn--ggl-tdd6ba
1,google,gοoglе,xn--gogl-0nd52e
1,google,goοglе,xn--gogl-1nd42e
1,google,gоogle,xn--gogle-jye
1,google,goоgle,xn--gogle-kye
1,google,goᴏgle,xn--gogle-n29a
1,google,gοogle,xn--gogle-rce
1,google,goοgle,xn--gogle-sce
1,google,gоoglе,xn--gogl-y4d4c
1,google,goоglе,xn--gogl-y4d5c
1,google,googlе,xn--googl-3we
1,google,gooɡle,xn--goole-tmc
1,google,ɡᴏᴏɡle,xn--le-igba3625aa
1,google,ɡᴏoɡle,xn--ole-8tbb2902b
1,google,ɡoogǀe,xn--ooge-2kb67g
1,google,ɡoogle,xn--oogle-qmc
1,google,ɡooɡle,xn--oole-z7bc
2,youtube,ʏoutube,xn--outube-o9c
2,youtube,youtᴜbe,xn--youtbe-635b
2,youtube,yᴏutube,xn--yutube-i15b
3,facebook,facebᴏᴏk,xn--facebk-m15ba
3,facebook,facebᴏok,xn--facebok-i01c
3,facebook,faceboᴏk,xn--facebok-j01c
3,facebook,facebooĸ,xn--faceboo-jhb
3,facebook,facebooᴋ,xn--faceboo-nz1c
3,facebook,faᴄebᴏᴏk,xn--faebk-r09a7ca
3,facebook,faᴄebook,xn--faebook-wx1c
3,facebook,fɑcebooĸ,xn--fceboo-8bb65t
3,facebook,fɑcebook,xn--fcebook-lbd
4,baidu,baɪdu,xn--badu-c9b
4,baidu,baıdu,xn--badu-mza
4,baidu,bɑidu,xn--bidu-q5b
6,yahoo,үаһоо,xn--80a2aa36b4b
6,yahoo,уаһоо,xn--80a2aar51d
6,yahoo,ʏahoo,xn--ahoo-kfc
6,yahoo,yahᴏᴏ,xn--yah-w4xa
7,reddit,reddıt,xn--reddt-q4a
9,qq,զզ,xn--39aa
9,qq,ԛԛ,xn--y7aa
10,taobao,tɑobao,xn--tobao-0jc
16,live,lıve,xn--lve-jua
17,vk,ᴠᴋ,xn--17f3b
17,vk,ѵк,xn--j1a1j
17,vk,ᴠk,xn--k-07l
17,vk,vĸ,xn--v-tka
17,vk,vᴋ,xn--v-u6l
17,vk,νκ,xn--vxaf
21,jd,јԁ,xn--e2a25a
25,linkedin,lınkedin,xn--lnkedin-rfb
39,ebay,ebɑy,xn--eby-hsb
42,bing,binɡ,xn--bin-cub
42,bing,bıng,xn--bng-jua
47,aliexpress,alıexpress,xn--alexpress-wpb
47,aliexpress,ɑliexpress,xn--liexpress-41d
55,xvideos,xvıdeos,xn--xvdeos-q9a
59,office,ᴏffice,xn--ffice-l29a
59,office,offıce,xn--offce-p4a
60,pinterest,pınterest,xn--pnterest-tkb
62,github,gıthub,xn--gthub-n4a
62,github,ɡithub,xn--ithub-qmc
63,alipay,alipaʏ,xn--alipa-ruc
68,apple,appǀe,xn--appe-2kb
68,apple,ɑpple,xn--pple-p5b
76,paypal,paʏpal,xn--papal-ouc
76,paypal,pɑypal,xn--pypal-0jc
76,paypal,pаypal,xn--pypal-4ve
76,paypal,pɑypɑl,xn--pypl-q5bc
79,adobe,ɑdobe,xn--dobe-p5b
80,soso,ѕоѕо,xn--n1aa1eb
83,coccoc,соссос,xn--n1aahbab
85,porn555,рогп555,xn--555-idd8che
98,china,сһіпа,xn--80a3af8fyy
98,china,chına,xn--chna-mza
99,cnn,сnn,xn--nn-nmc
99,cnn,спп,xn--o1aae
107,so,ѕо,xn--n1a9b
113,booking,bookinɡ,xn--bookin-n0c
113,booking,bookıng,xn--bookng-s9a
116,espn,еѕрп,xn--e1auc7f
119,ask,аѕк,xn--80au4f
121,xnxx,хпхх,xn--o1alba
125,detik,detiĸ,xn--deti-o0a
130,stackexchange,stacĸexchange,xn--stacexchange-q7b
136,vice,vɩce,xn--vce-6ub
136,vice,vıce,xn--vce-jua
139,youku,ʏouku,xn--ouku-kfc
143,spotify,spotıfy,xn--spotfy-s9a
150,chase,сһаѕе,xn--80ak8a3e2y
159,indeed,іпԁееԁ,xn--e1aa2azgq4bca
159,indeed,ındeed,xn--ndeed-m4a
169,flipkart,flipĸart,xn--flipart-ghb
202,godaddy,godɑddy,xn--godddy-dxc
202,godaddy,ɡodaddy,xn--odaddy-h0c
205,slack,slacĸ,xn--slac-o0a
215,alibaba,alıbaba,xn--albaba-q9a
278,ikea,ікеа,xn--80ajo5i
278,ikea,iĸea,xn--iea-cva
278,ikea,ıkea,xn--kea-iua
296,kakaku,ĸaĸaĸu,xn--aau-bvabb
298,iqiyi,іԛіуі,xn--s1a1bab69g
302,businessinsider,businessinsıder,xn--businessinsder-ggc
302,businessinsider,businessınsıder,xn--businessnsder-bbcc
302,businessinsider,businessınsider,xn--businessnsider-dgc
302,businessinsider,busınessinsıder,xn--busnessinsder-59bh
302,businessinsider,busınessinsider,xn--busnessinsider-7fc
302,businessinsider,busınessınsıder,xn--busnessnsder-34bec
302,businessinsider,busınessınsider,xn--busnessnsider-59be
305,shutterstock,shutterstocĸ,xn--shutterstoc-o2b
313,skype,ѕкуре,xn--e1ajsl2g
313,skype,sᴋype,xn--sype-523a
320,flickr,flıckr,xn--flckr-o4a
325,asos,аѕоѕ,xn--80a2a6db
354,airbnb,aırbnb,xn--arbnb-n4a
378,hp,һр,xn--p1a9v
387,icloud,ıcloud,xn--cloud-m4a
387,icloud,iclᴏud,xn--iclud-o29a
391,pandora,рапԁога,xn--80aai7bee76k
393,onedio,onedıo,xn--onedo-q4a
402,oeeee,оееее,xn--e1aaaa5b
411,shopify,shopıfy,xn--shopfy-s9a
432,capitalone,cɑpitɑlone,xn--cpitlone-vodd
437,go,ɡᴏ,xn--0na477k
437,go,gᴏ,xn--g-26l
437,go,ɡo,xn--o-r1a
437,go,ցօ,xn--vbbi
491,kickstarter,kıckstarter,xn--kckstarter-xub
493,livescore,lıvescore,xn--lvescore-tkb
534,patreon,ратгеоп,xn--80agg0bfbp
535,sahibinden,sahıbinden,xn--sahbinden-xpb
535,sahibinden,sahıbınden,xn--sahbnden-vkbb
535,sahibinden,sahibınden,xn--sahibnden-zpb
548,yenisafak,yenısafak,xn--yensafak-vkb
549,4shared,4ѕһагеԁ,xn--4-8sbji1nmynp
556,nike,піке,xn--e1ajo6g
556,nike,nıke,xn--nke-jua
582,office365,offıce365,xn--offce365-vkb
583,citi,cıtı,xn--ct-hpab
583,citi,сіті,xn--q1ac3db
589,porn,рогп,xn--c1aveb
589,porn,ром,xn--l1adf
589,porn,pοrn,xn--prn-9yc
589,porn,pᴏrn,xn--prn-u4x
611,youjizz,youjızz,xn--youjzz-s9a
613,as,аѕ,xn--80a8e
615,friv,frıv,xn--frv-kua
636,eksisozluk,eksısozluk,xn--ekssozluk-xpb
640,lifehacker,lifehacĸer,xn--lifehacer-1rb
656,expedia,ехреԁіа,xn--80aja7bya8h47c
656,expedia,expedıa,xn--expeda-t9a
658,nikkei,піккеі,xn--e1ajas9id
668,sex,ѕех,xn--e1a6a7b
668,sex,ꜱex,xn--ex-yr8h
668,sex,se×,xn--se-sha
668,sex,ѕҽх,xn--u1a5a0w
694,xe,хе,xn--e1a5a
696,autodesk,autodesĸ,xn--autodes-jhb
706,adp,аԁр,xn--80a6a66b
794,cisco,ᴄiꜱᴄᴏ,xn--i-f6lb8b4147j
794,cisco,сіѕсо,xn--n1afa3fe
814,android,androıd,xn--androd-t9a
837,kayak,кауак,xn--80aa2ac7b
859,y8,у8,xn--8-bub
868,investing,investıng,xn--investng-ykb
868,investing,ınvesting,xn--nvesting-skb
937,india,іпԁіа,xn--80a3a6db86f
946,kizlarsoruyor,kızlarsoruyor,xn--kzlarsoruyor-14b
986,hepsiburada,hepsıburada,xn--hepsburada-0ub
1048,ea,еа,xn--80aj
1065,chess,сһеѕѕ,xn--e1ax5da12c
1096,internethaber,ınternethaber,xn--nternethaber-04b
1130,ryanair,гуапаіг,xn--80aahc2dwa0l
1152,gittigidiyor,gıttıgıdıyor,xn--gttgdyor-tkbcbb
1171,iqoption,ıqoption,xn--qoption-qfb
1205,usbank,usbɑnk,xn--usbnk-2jc
1243,verizon,verızon,xn--verzon-r9a
1276,aa,аа,xn--80aa
1276,aa,ɑɑ,xn--knaa
1276,aa,αα,xn--mxaa
1300,sephora,ѕерһога,xn--80aff0bj8j04a
1302,jio,jiᴏ,xn--ji-z5r
1302,jio,јіо,xn--n1a1cf
1386,ly,lʏ,xn--l-f4a
1440,sky,ѕку,xn--j1as6c
1447,nate,nɑte,xn--nte-gsb
1485,pixlr,pıxlr,xn--pxlr-lza
1560,pnc,рпс,xn--o1abe
1577,priceline,pricelıne,xn--pricelne-ykb
1592,t66y,т66у,xn--66-qmcg
1646,kizi,kızı,xn--kz-hpab
1673,adidas,аԁіԁаѕ,xn--80aa5ic86fba
1673,adidas,adıdas,xn--addas-o4a
1803,yandex,ʏandex,xn--andex-muc
1803,yandex,yɑndex,xn--yndex-0jc
1818,shaadi,ѕһааԁі,xn--80aa3ig61ctn
1871,iherb,ıherb,xn--herb-kza
1885,sap,ѕар,xn--80a6a9c
2040,sears,ѕеагѕ,xn--80age1kd
2050,hilton,hılton,xn--hlton-n4a
2057,si,ѕі,xn--b2ac
2057,si,sɪ,xn--s-b2a
2093,payoneer,рауопеег,xn--80agfa7bgez
2093,payoneer,pɑyoneer,xn--pyoneer-lbd
2185,cc,сс,xn--q1aa
2430,ch,сh,xn--h-6tb
2430,ch,сһ,xn--q1a8v
2481,cars,сагѕ,xn--80ag4b0e
2513,dji,ԁјі,xn--c2ad02c
2551,video-one,vıdeo-one,xn--vdeo-one-tkb
2616,opera,орега,xn--80aff9ak
2635,docker,ԁоскег,xn--c1adopp46i
2716,yoox,уоох,xn--n1aank
2720,ae,æ,xn--6ca
2720,ae,ае,xn--80ak
2720,ae,ӕ,xn--y5a
2723,kaspersky,ĸaspersky,xn--aspersky-lmb
2727,ixxx,іххх,xn--u1aaa9d
2840,one,опе,xn--e1ard
2930,couchsurfing,couchsurfıng,xn--couchsurfng-7zb
2959,ixl,ıxl,xn--xl-gpa
3111,azure,ɑzure,xn--zure-p5b
3146,hpe,һре,xn--e1av28a
3166,ooo-sex,ооо-ѕех,xn----jtbzaa8b0g
3203,ti,ті,xn--r1a4b
3203,ti,tı,xn--t-fka
3216,disney,ԁіѕпеу,xn--e1atn3ee93h
3323,livescores,lıvescores,xn--lvescores-vpb
3349,nasdaq,паѕԁаԛ,xn--80aa7b3eu4bre
3512,realitykings,realitykıngs,xn--realitykngs-6zb
3512,realitykings,realıtykings,xn--realtykings-2zb
3512,realitykings,realıtykıngs,xn--realtykngs-0ubd
3536,rr,гг,xn--c1aa
3665,dx,ԁх,xn--u1a98a
3722,hi5,һі5,xn--5-evb61a
3722,hi5,hı5,xn--h5-hpa
3733,rackspace,гаскѕрасе,xn--80aahkx0bfd1p
3854,csod,сѕоԁ,xn--n1af4dx1b
3860,tv,ᴛᴠ,xn--i8fk
3860,tv,τν,xn--yxan
3883,vip,ѵір,xn--p1a7b2e
3883,vip,vıp,xn--vp-hpa
3887,soccervista,soccervısta,xn--soccervsta-3ub
3958,origin,orıgın,xn--orgn-mzab
4069,skrill,skrıll,xn--skrll-p4a
4138,snapchat,ѕпарсһат,xn--80aa7bffh1kp9a
4138,snapchat,snɑpchat,xn--snpchat-mbd
4198,sina,sına,xn--sna-jua
4237,rk,гк,xn--c1ao
4460,pizzahut,pızzahut,xn--pzzahut-rfb
4569,cox,сох,xn--n1afn
4663,axs,ахѕ,xn--80a6b6b
4680,yhd,уһԁ,xn--s1a4vhh
4850,virustotal,vırustotal,xn--vrustotal-vpb
4888,space,ѕрасе,xn--80ak5af1h
5014,kink,kınk,xn--knk-jua
5059,sc,ѕс,xn--q1a3b
5073,podio,роԁіо,xn--n1aae3g93b
5137,ni,πι,xn--uxan
5232,89ads,89аԁѕ,xn--89-8kc2m87a
5293,ajc,ајс,xn--80a8a0d
5299,asda,аѕԁа,xn--80aa4iv3a
5358,xapo,харо,xn--80a2afs
5427,trivago,trıvago,xn--trvago-q9a
5431,dice,ԁісе,xn--e1ax6d90b
5438,izlesene,ızlesene,xn--zlesene-qfb
5840,philips,phılıps,xn--phlps-o4ab
5857,diy,ԁіу,xn--s1a1bw9a
5936,vatanbilgisayar,vatanbılgısayar,xn--vatanblgsayar-89bc
5954,tp-link,tp-lınk,xn--tp-lnk-s9a
5962,thisisinsider,thisisinsıder,xn--thisisinsder-94b
5962,thisisinsider,thisisınsıder,xn--thisisnsder-4zbc
5962,thisisinsider,thisisınsider,xn--thisisnsider-64b
5962,thisisinsider,thisısinsıder,xn--thissinsder-2zbe
5962,thisisinsider,thisısinsider,xn--thissinsider-44b
5962,thisisinsider,thisısınsıder,xn--thissnsder-0ubbc
5962,thisisinsider,thisısınsider,xn--thissnsider-2zbb
5962,thisisinsider,thısisinsıder,xn--thsisinsder-0zbg
5962,thisisinsider,thısisinsider,xn--thsisinsider-24b
5962,thisisinsider,thısisınsıder,xn--thsisnsder-yubdc
5962,thisisinsider,thısisınsider,xn--thsisnsider-0zbd
5962,thisisinsider,thısısinsıder,xn--thssinsder-yubbe
5962,thisisinsider,thısısinsider,xn--thssinsider-0zbb
5962,thisisinsider,thısısınsıder,xn--thssnsder-wpbbbc
5962,thisisinsider,thısısınsider,xn--thssnsider-yubbb
6109,netkadin,netkadın,xn--netkadn-wfb
6120,gucci,guccı,xn--gucc-oza
6170,nesine,nesıne,xn--nesne-p4a
6178,aaa,ааа,xn--80aaa
6178,aaa,ααα,xn--mxaaa
6216,digitalplayground,dıgıtalplayground,xn--dgtalplayground-7kcb
6319,cj,сј,xn--q1a0c
6393,silkroad,sılkroad,xn--slkroad-rfb
6745,hsn,һѕп,xn--o1a7b7r
6850,ipage,ıpage,xn--page-kza
6887,ig,ıg,xn--g-eka
6953,yy,ɣɣ,xn--2naa
6953,yy,ʏʏ,xn--cpaa
6953,yy,γγ,xn--oxaa
6953,yy,уу,xn--s1aa
7011,ajio,ајіо,xn--80a2a9dh
7012,99,୨୨,xn--1jca
7012,99,৭৭,xn--77ba
7016,ipaddress,ıpaddress,xn--paddress-skb
7020,sondakika,sondakıka,xn--sondakka-ykb
7031,rivalo,rıvalo,xn--rvalo-n4a
7058,nokia,nokıa,xn--noka-nza
7143,rogers,roɡers,xn--roers-smc
7147,sas,ѕаѕ,xn--80a7eb
7299,al,а1,xn--1-7sb
7299,al,α1,xn--1-ylb
7666,aetna,ætna,xn--tna-xla
7718,shape,ѕһаре,xn--80ak6a8e4y
7731,etihad,etıhad,xn--ethad-o4a
7735,yepi,уері,xn--e1awh2f
7830,adcash,аԁсаѕһ,xn--80aa4c7d4y6m
7854,nick,піск,xn--j1ajg7f
7868,tickets,tıckets,xn--tckets-p9a
7894,porsche,рогѕсһе,xn--c1aezhh3jz4a
8070,flydubai,flydubaı,xn--flyduba-xfb
8294,sophos,ѕорһоѕ,xn--n1aaf6fd42d
8390,paychex,раусһех,xn--80ak5afjo83f
8472,key,кеу,xn--e1aj2a
8472,key,ĸey,xn--ey-1pa
8621,tencent,ᴛencent,xn--encent-v35b
8648,oa,оа,xn--80a1a
8898,sedo,ѕеԁо,xn--e1as1ey9a
8954,info,ınfo,xn--nfo-iua
9288,sekindo,ѕекіпԁо,xn--e1akmd1ii21j
9529,visa,ѵіѕа,xn--80a7ec7j
9529,visa,vısa,xn--vsa-jua
9533,toshiba,toshıba,xn--toshba-s9a
9573,oppo,орро,xn--n1aafa
9627,evilangel,evılangel,xn--evlangel-ukb
10024,kddi,ĸddi,xn--ddi-bva
10261,hyundai,hyundaı,xn--hyunda-u9a
10277,ey,еу,xn--e1a2a
10277,ey,еү,xn--e1a8v
10279,speedpay,ѕрееԁрау,xn--80aja6bct4jw3d
10322,ge,ɡe,xn--e-r1a
10539,cheapflights,cheapflıghts,xn--cheapflghts-5zb
10888,via,vıa,xn--va-hpa
11040,cigna,ciɡna,xn--cina-17b
11079,asiaone,аѕіаопе,xn--80aap9af3kh
11193,dojki,dojkı,xn--dojk-oza
11455,avis,avıs,xn--avs-kua
11467,torn,ᴛᴏᴍ,xn--37fd9a
11467,torn,том,xn--l1adl
11703,linux,lınux,xn--lnux-lza
11722,bitcoin,bitcᴏin,xn--bitcin-l15b
12227,csgofast,csɡofast,xn--csofast-9ed
12264,st,ѕт,xn--r1a1b
12359,doviz,dovız,xn--dovz-nza
12379,dish,ԁіѕһ,xn--b2ab81ahj
12585,cheaptickets,cheaptıckets,xn--cheaptckets-4zb
12758,shop,ѕһор,xn--n1ae5d4v
12963,in,ın,xn--n-eka
13314,asics,аѕісѕ,xn--80a8a5cbd
13716,casio,casıo,xn--caso-nza
13766,harley-davidson,harley-davıdson,xn--harley-davdson-fgc
13790,sex3,ѕех3,xn--3-itb2c4c
13974,spacex,ѕрасех,xn--80ak5afv5g
14069,jeep,јеер,xn--e1aa7a7f
14147,evidea,evıdea,xn--evdea-o4a
14172,punishtube,punıshtube,xn--punshtube-xpb
14669,akbank,akbɑnk,xn--akbnk-2jc
14669,akbank,ɑkbank,xn--kbank-zjc
14669,akbank,ɑkbɑnk,xn--kbnk-p5bc
14684,duke-energy,duke-enerɡy,xn--duke-enery-ple
14776,sho,ѕһо,xn--n1a9b8r
15178,tibia,tıbia,xn--tbia-lza
15258,private,prıvate,xn--prvate-q9a
15363,ca,са,xn--80a7a
15514,xxx,×××,xn--rcaaa
15514,xxx,ххх,xn--u1aaa
16071,creditcards,ᴄreditcards,xn--reditcards-kt9d
16700,vixen,vıxen,xn--vxen-lza
16876,dpd,ԁрԁ,xn--p1a99ab
16919,kadinlarkulubu,kadınlarkulubu,xn--kadnlarkulubu-59b
16923,casino,casinᴏ,xn--casin-q29a
16923,casino,casinο,xn--casin-vce
16923,casino,casıno,xn--casno-p4a
16951,nec,пес,xn--e1ath
17224,ptc,ртс,xn--p1acc
17823,singtel,sinɡtel,xn--sintel-k0c
19238,ricoh,rıcoh,xn--rcoh-lza
19452,davivienda,dɑviviendɑ,xn--dviviend-vodh
19526,jollychic,jollychıc,xn--jollychc-zkb
19536,boeing,boeinɡ,xn--boein-vmc
20089,apc,арс,xn--80a6ad
20512,bilyoner,bılyoner,xn--blyoner-rfb
20744,pg,pɡ,xn--p-s1a
21837,jnj,јпј,xn--o1a3cb
22209,cat,сат,xn--80a7ae
22635,art,ɑrt,xn--rt-4eb
22701,unix,unıx,xn--unx-kua
22896,sixt,sıxt,xn--sxt-jua
23417,tor,тог,xn--c1avl
23645,credit,credıt,xn--credt-q4a
23892,cibil,cıbıl,xn--cbl-juab
23895,kari,karı,xn--kar-lua
24055,docs,ԁосѕ,xn--n1ag4dt1b
24230,ihs,іһѕ,xn--b2ab71a
24467,caesars,cæsars,xn--csars-sra
24602,6a,ба,xn--80ab
24603,epic,еріс,xn--e1awd7f
25215,audi,audı,xn--aud-lua
25542,vegas,ᴠegas,xn--egas-453a
25674,kpn,крп,xn--j1akc
25847,ao,ао,xn--80a2a
25847,ao,αο,xn--mxa2a
25871,aon,αοπ,xn--mxa2ad
26871,sexy,ѕеху,xn--e1a2af6d
26891,gs,ɡs,xn--s-r1a
27103,business,busıness,xn--busness-tfb
27594,cafecanli,cafecanlı,xn--cafecanl-0kb
28316,tutanota,tutɑnota,xn--tutnota-nbd
29293,orange,oranɡe,xn--orane-umc
29293,orange,ᴏrange,xn--range-l29a
29547,ecco,ессо,xn--e1asia
29676,roche,госһе,xn--c1ae0am42d
30025,canlitv,canlıtv,xn--canltv-s9a
30034,tt,ττ,xn--5xaa
30034,tt,тт,xn--r1aa
30813,videochatru,vıdeochatru,xn--vdeochatru-xub
31191,gsk,ɡsk,xn--sk-igb
31640,obilet,obılet,xn--oblet-o4a
32184,biletix,bıletıx,xn--bletx-n4ad
32286,crn,см,xn--l1aj
32445,codeship,соԁеѕһір,xn--e1arhb6hg02enr
32769,iddaa,ıddaa,xn--ddaa-kza
33050,eni,епі,xn--e1au3e
33137,canliskor,canlıskor,xn--canlskor-wkb
33554,axa,аха,xn--80aa6d
33676,te,те,xn--e1az
33886,videosz,vıdeosz,xn--vdeosz-p9a
33958,jia,јіа,xn--80a9ef
34043,csc,сѕс,xn--q1aa3d
34225,oyunyoneticisi,oyunyonetıcısı,xn--oyunyonetcs-7zbbb
34262,ciceksepeti,cıceksepetı,xn--cceksepet-vpbi
34299,kibris724,kıbrıs724,xn--kbrs724-rfbc
34590,kik,ĸik,xn--ik-1pa
35372,sanalbasin,sanalbasın,xn--sanalbasn-2pb
36131,c-cex,с-сех,xn----jtb8abv
36196,tek,тек,xn--e1akw
36943,oshkosh,оѕһкоѕһ,xn--j1ahb4gc32dd
37623,oed,œd,xn--d-cma
37658,pepper,реррег,xn--c1ada6bba
38094,kfc,ĸfc,xn--fc-1pa
38819,ono,σπσ,xn--1xafb
39126,oro,ого,xn--c1avb
39422,pe,ре,xn--e1av
39892,unitedhealthgroup,unitedhealthɡroup,xn--unitedhealthroup-8xg
40392,4k,4κ,xn--4-imb
40392,4k,4к,xn--4-ttb
40451,cartier,cartıer,xn--carter-s9a
40811,app,арр,xn--80a6aa
40811,app,ɑpp,xn--pp-4eb
41148,peapod,реароԁ,xn--80aj2afc37i
41427,on,σπ,xn--1xaf
41427,on,оп,xn--n1ac
41802,tiny4k,tıny4k,xn--tny4k-n4a
42260,rivalo82,rıvalo82,xn--rvalo82-rfb
43146,pride,prıde,xn--prde-mza
44112,reifen,reıfen,xn--refen-o4a
44214,z,ᴢ,xn--p8f
44700,citroen,cıtroen,xn--ctroen-p9a
44858,travian,travıan,xn--travan-s9a
44946,diesel,dıesel,xn--desel-n4a
45106,barracuda,bɑrrɑcudɑ,xn--brrcud-bxccd
45415,kairosplanet,kaırosplanet,xn--karosplanet-0zb
45546,kodak,коԁак,xn--80atbo98g
48044,onurair,onuraır,xn--onurar-t9a
48103,thrifty,thrıfty,xn--thrfty-r9a
48164,888,৪৪৪,xn--47baa
48164,888,ȣ88,xn--88-69a
48164,888,8ȣ8,xn--88-79a
48545,hackerone,hɑckerone,xn--hckerone-vod
48876,aps,арѕ,xn--80a6ayd
49139,spizoo,spızoo,xn--spzoo-o4a
49412,patirti,patırti,xn--patrti-r9a
49412,patirti,patırtı,xn--patrt-p4ac
49474,tatil,tatıl,xn--tatl-nza
50442,89,৪৭,xn--47bg
50975,iii,ііі,xn--c2aaa
50975,iii,ııı,xn--cfaaa
50975,iii,ıiı,xn--i-ekab
50975,iii,iıi,xn--ii-hpa
50992,barcin,barcın,xn--barcn-q4a
52878,q,գ,xn--09a
52878,q,զ,xn--39a
52878,q,ԛ,xn--y7a
53246,fiat,fıat,xn--fat-jua
53493,dnspod,ԁпѕроԁ,xn--n1abd7fs6bea
53523,kt,кт,xn--j1aq
53541,xvideo,xvıdeo,xn--xvdeo-o4a
54010,copy,сору,xn--n1aebk
56156,yp,ур,xn--p1af
57698,car,саг,xn--80ag4b
57698,car,cɑr,xn--cr-5eb
58899,pepsico,рерѕісо,xn--e1asebf3jh
60614,indir,ındır,xn--ndr-iuac
60711,aig,aiɡ,xn--ai-kgb
60728,carrefour,cɑrrefour,xn--crrefour-vod
60829,idc,іԁс,xn--q1a5b76a
62016,aldi,aldı,xn--ald-lua
63504,xpo,хро,xn--n1ado
64303,biletall,bıletall,xn--bletall-rfb
65153,rs,гѕ,xn--c1a2e
66258,7x7,7х7,xn--77-0mc
66468,sisense,ѕіѕепѕе,xn--e1aa3a5facd
67497,jjj,јјј,xn--e2aaa
67497,jjj,ϳϳϳ,xn--izaaa
68410,auto,αυτο,xn--mxa2aod
68904,sonteklif,sonteklıf,xn--sonteklf-zkb
68991,evdekifirsat,evdekifırsat,xn--evdekifrsat-5zb
70942,too,тоо,xn--n1aak
70978,kenshoo,кепѕһоо,xn--e1ajnad6ks3a
70991,spotlight,spotlıght,xn--spotlght-xkb
73494,ironsrc,ігопѕгс,xn--c1aa6ael2jd
73502,nrn,пм,xn--l1af
74811,a,а,xn--80a
74811,a,ɑ,xn--kna
74811,a,α,xn--mxa
74882,hop,һор,xn--n1ae18a
75062,lidyana,lıdyana,xn--ldyana-p9a
75270,act,аст,xn--80a8ad
76524,videos,vıdeos,xn--vdeos-n4a
77285,rivalo83,rıvalo83,xn--rvalo83-rfb
77661,onedrive,onedrıve,xn--onedrve-vfb
78146,bidolubaski,bidolubaskı,xn--bidolubask-6ub
79355,sysco,ѕуѕсо,xn--n1aff5eb
82400,innogy,ınnogy,xn--nnogy-m4a
84168,net,пет,xn--e1atk
84168,net,nеt,xn--nt-nlc
85010,rsa,гѕа,xn--80af6h
85199,fitness,fıtness,xn--ftness-p9a
85849,altinkaynak,altınkaynak,xn--altnkaynak-zub
86670,insure,ɪnsure,xn--nsure-9nc
87186,seohocasi,seohocası,xn--seohocas-0kb
87682,kadincatarifler,kadıncatarifler,xn--kadncatarifler-7fc
89714,pr,рг,xn--c1az
90170,firsatbufirsat,fırsatbufırsat,xn--frsatbufrsat-14bh
90404,hizlial,hizlıal,xn--hizlal-s9a
90404,hizlial,hızlıal,xn--hzlal-n4ac
90404,hizlial,hızlial,xn--hzlial-p9a
91400,eee,еее,xn--e1aaa
93014,ri,гі,xn--c1a4e
95981,yookartik,yookartık,xn--yookartk-zkb
95993,intertech,ıntertech,xn--ntertech-skb
96083,nice,пісе,xn--e1atg7f
98887,tiklagelsin,tıklagelsin,xn--tklagelsin-xub
99453,rocket-internet,rocĸet-internet,xn--rocet-internet-7ic
101834,generali,ɡenerali,xn--enerali-7ed
103205,ingilizcebankasi,ingilizcebankası,xn--ingilizcebankas-mlc
104336,draeger,dræger,xn--drger-tra
106693,gelirkapisi,gelirkapısı,xn--gelirkaps-2pbb
107310,s,ѕ,xn--b2a
107310,s,ƽ,xn--cja
107310,s,ꜱ,xn--i38a
107511,hr,һг,xn--c1a5y
108726,eticaret,etıcaret,xn--etcaret-sfb
108994,instaeasy,ınstaeasy,xn--nstaeasy-skb
112189,oasap,оаѕар,xn--80aa4bk7h
112289,o2,о2,xn--2-0tb
112289,o2,օ2,xn--2-pdc
112289,o2,ο2,xn--2-rmb
114528,jibo,jıbo,xn--jbo-jua
116598,airchina,airchına,xn--airchna-vfb
117396,baeb,bæb,xn--bb-1ia
119347,ariston,arıston,xn--arston-q9a
119363,tasit,tasıt,xn--tast-nza
119375,porno,pᴏrnᴏ,xn--prn-u4xc
119668,pass,раѕѕ,xn--80a5azda
119845,aep,аер,xn--80ak7a
119845,aep,æp,xn--p-3fa
121243,haribo,harıbo,xn--harbo-p4a
121698,xy,ху,xn--s1ad
124063,futbolarti,futbolartı,xn--futbolart-3pb
124610,nationalgrid,nationalɡrid,xn--nationalrid-fze
125499,acc,асс,xn--80a8aa
126493,lloydsbankinggroup,lloydsbankingɡroup,xn--lloydsbankingroup-0ch
126493,lloydsbankinggroup,lloydsbankinɡgroup,xn--lloydsbankingroup-zch
126493,lloydsbankinggroup,lloydsbankinɡɡroup,xn--lloydsbankinroup-8xga
127007,ecift,ecıft,xn--ecft-mza
127861,vidz,vıdz,xn--vdz-jua
128590,up,υρ,xn--2xah
128590,up,цр,xn--p1al
128853,ucuzkitapal,ucuzkıtapal,xn--ucuzktapal-1ub
130097,ing,inɡ,xn--in-kgb
130097,ing,ıng,xn--ng-gpa
130375,diageo,diaɡeo,xn--diaeo-tmc
130754,akillitelefon,akıllıtelefon,xn--aklltelefon-0zbc
131369,ko,ко,xn--j1ai
131369,ko,κσ,xn--vxas
131701,santienao,santienɑo,xn--santieno-1od
132290,alanadlari,alanadları,xn--alanadlar-3pb
132413,airliquide,ɑirliquide,xn--irliquide-41d
132425,nasil,nasıl,xn--nasl-nza
132679,jcp,јср,xn--p1ab2e
133230,iveco,ıveco,xn--veco-kza
135872,ice,ісе,xn--e1ax6d
137532,bridgestone,brıdgestone,xn--brdgestone-yub
139250,nasilkolay,nasılkolay,xn--naslkolay-xpb
139977,soap,ѕоар,xn--80a1ah5f
142237,shoes,shœs,xn--shs-gya
142902,allergan,allerɡan,xn--alleran-dfd
143235,insurance,insurɑnce,xn--insurnce-zod
143235,insurance,ɪnsurance,xn--nsurance-9ud
143235,insurance,ınsurance,xn--nsurance-skb
143266,caseys,саѕеуѕ,xn--80ak8ak2gc
143694,yihu,yıhu,xn--yhu-jua
146546,csx,сѕх,xn--q1ai1c
147485,oxo,охо,xn--n1aau
147633,canliradyodinle,canlıradyodinle,xn--canlradyodinle-8fc
149138,appian,арріап,xn--80aa9bca6k
150493,sanalika,sanalıka,xn--sanalka-vfb
150635,essie,еѕѕіе,xn--e1aa9gaf
150720,ness,пеѕѕ,xn--e1at1ea
152842,xo,хо,xn--n1an
154716,ueuo,цецо,xn--e1aswb
155699,yiche,уісһе,xn--e1axf0f5z
156195,yr,уг,xn--c1a5a
157426,easy,еаѕу,xn--80aj7b0d
158145,jackpot,јаскрот,xn--80aumhdj2m
161521,6k,бк,xn--90as
162645,zenpirlanta,zenpırlanta,xn--zenprlanta-0ub
166414,dancingbear,dancıngbear,xn--dancngbear-0ub
166814,gelirortaklari,gelirortakları,xn--gelirortaklar-gbc
167859,ga,ɡɑ,xn--kna5a
168260,daikin,daikın,xn--daikn-q4a
168260,daikin,daıkin,xn--dakin-o4a
168260,daikin,daıkın,xn--dakn-mzab
168331,gilead,ɡilead,xn--ilead-qmc
168421,oyuncakdunyasi,oyuncakdunyası,xn--oyuncakdunyas-gbc
169814,ppa,рра,xn--80a5aa
170861,skiphop,ѕкірһор,xn--j1aifb5hh22e
172021,sosyalhalisaha,sosyalhalısaha,xn--sosyalhalsaha-cbc
174196,avantajix,avantajıx,xn--avantajx-zkb
176206,pepsi,рерѕі,xn--e1avb8ff
176206,pepsi,pepsı,xn--peps-oza
176870,dopinghafiza,dopinghafıza,xn--dopinghafza-7zb
178497,b,ᖯ,xn--7oe
178760,seo,ѕео,xn--e1as1e
178760,seo,ꜱeo,xn--eo-yr8h
178926,toto,тото,xn--n1aakb
180962,firsatfiyatlari,fırsatfiyatları,xn--frsatfiyatlar-39bm
182667,a9,а9,xn--9-7sb
183389,aeon,æon,xn--on-0ia
184249,kibrisgazetesi,kıbrısgazetesi,xn--kbrsgazetesi-14bc
184473,hizlibul,hızlıbul,xn--hzlbul-p9ac
188081,culioneros,culıoneros,xn--culoneros-xpb
189266,altinpiyasa,altınpiyasa,xn--altnpiyasa-zub
189990,rapidshare,rapıdshare,xn--rapdshare-xpb
190411,bid,bıd,xn--bd-hpa
190856,kadinlarbilir,kadınlarbilir,xn--kadnlarbilir-34b
192158,999,୨୨୨,xn--1jcaa
192158,999,৭৭৭,xn--77baa
193390,laerdal,lærdal,xn--lrdal-sra
193675,internet,ınternet,xn--nternet-qfb
194061,coke,соке,xn--e1ajll
194208,px,рх,xn--p1ak
196466,seiko,seıko,xn--seko-mza
196826,joker,јокег,xn--c1adop3k
198027,ics,ıcs,xn--cs-gpa
198559,aeternity,æternity,xn--ternity-lxa
199238,anlatsin,anlatsın,xn--anlatsn-wfb
201820,sysaid,ѕуѕаіԁ,xn--80a1bzcbg04h
202623,sberbank,sberbanĸ,xn--sberban-jhb
203457,ball,bɑll,xn--bll-gsb
203602,oxy,оху,xn--n1akf
206968,rakipbahis,rakıpbahıs,xn--rakpbahs-vkbe
208704,nissan,nıssan,xn--nssan-n4a
208995,caxa,саха,xn--80aa3cr
209766,ty,ту,xn--r1ac
209937,teka,тека,xn--80ajp4a
214140,drive,drıve,xn--drve-mza
217373,viagra,vɪagra,xn--vagra-boc
220305,acesse,асеѕѕе,xn--80aka0c0fa
220391,ya,уа,xn--80a1b
220496,ses,ѕеѕ,xn--e1a7db
220715,t,τ,xn--5xa
220715,t,ᴛ,xn--i8f
220715,t,т,xn--r1a
225671,aydinpost,aydınpost,xn--aydnpost-vkb
225974,cantik,cantık,xn--cantk-q4a
226505,nyk,пук,xn--j1ajm
226624,altincicadde,altıncıcadde,xn--altnccadde-zubc
226670,vi,vɪ,xn--v-b2a
226670,vi,vı,xn--v-fka
227471,gay,ɡay,xn--ay-igb
233193,haberkibris,haberkıbrıs,xn--haberkbrs-0pbc
233516,ro,го,xn--c1aw
234198,iso,іѕо,xn--n1a9bc
234198,iso,ıso,xn--so-gpa
236259,n,π,xn--1xa
236259,n,ո,xn--mbb
236259,n,п,xn--o1a
236259,n,ռ,xn--qbb
237447,greenflag,greenflaɡ,xn--greenfla-6sd
237447,greenflag,ɡreenflaɡ,xn--reenfla-7edh
237447,greenflag,ɡreenflag,xn--reenflag-ysd
237805,firsatcaddesi,fırsatcaddesi,xn--frsatcaddesi-14b
237805,firsatcaddesi,fırsatcaddesı,xn--frsatcaddes-zzbk
240688,dh,ԁһ,xn--74a3l
242549,e-hirdavat,e-hırdavat,xn--e-hrdavat-xpb
242908,axe,ахе,xn--80ak1c
242954,ep,ер,xn--e1aw
244881,tu,тц,xn--r1ai
245773,hediyefabrikasi,hediyefabrikası,xn--hediyefabrikas-jgc
249658,ariyayin,arıyayın,xn--aryayn-q9ad
252170,perabulvari,perabulvarı,xn--perabulvar-6ub
253099,noon,ոօօո,xn--mbba2ba
258699,aslitarcanhairclinic,aslıtarcanhairclinic,xn--asltarcanhairclinic-i5c
269287,batkazananlardunyasi,batkazananlardunyası,xn--batkazananlardunyas-y5c
270539,privilege,privileɡe,xn--privilee-5sd
271187,a24,а24,xn--24-6kc
271407,g,ɡ,xn--0na
271407,g,ց,xn--vbb
271407,g,ƍ,xn--yha
271639,elazighaber,elazıghaber,xn--elazghaber-0ub
272236,ll6,11б,xn--11-clc
272787,video,vıdeo,xn--vdeo-lza
273609,alkapida,alkapıda,xn--alkapda-vfb
277293,pai,раӏ,xn--80a5a15a
277293,pai,раі,xn--80a5a2d
277642,isp,іѕр,xn--p1a5bc
279567,kitapsihirbazi,kitapsihirbazı,xn--kitapsihirbaz-gbc
282847,panelkirtasiye,panelkırtasiye,xn--panelkrtasiye-89b
283710,uo,цо,xn--n1ap
283902,kazanci,kazancı,xn--kazanc-u9a
284761,inkilap,inkılap,xn--inklap-r9a
295929,vai,ναι,xn--mxaqk
298398,cna,спа,xn--80a3af
300003,ci,cɪ,xn--c-b2a
300003,ci,cı,xn--c-fka
300426,dubai,dubaı,xn--duba-oza
303544,kibristailan,kıbrıstailan,xn--kbrstailan-xubc
305870,istanbul,ıstanbul,xn--stanbul-qfb
306916,credit-agricole,credit-aɡricole,xn--credit-aricole-n5f
310148,cax,сах,xn--80a7an
310942,ggoogle,ɡgoogle,xn--google-h0c
315233,xx,хх,xn--u1aa
315377,gaslicht,ɡaslicht,xn--aslicht-7ed
316652,h,Ꮒ,xn--49d
316652,h,һ,xn--74a
316652,h,հ,xn--ebb
317281,nakliyeilani,nakliyeilanı,xn--nakliyeilan-9zb
317769,l,ⵏ,xn--0mj
317769,l,ᛁ,xn--1we
317769,l,ו,xn--9db
317769,l,١,xn--9hb
317769,l,۱,xn--emb
317769,l,ǀ,xn--fja
317769,l,ן,xn--keb
317769,l,ا,xn--mgb
317769,l,׀,xn--odb
319646,yargiyayinevi,yargıyayinevi,xn--yargyayinevi-44b
319844,pace,расе,xn--80ak5af
320488,bb,ᖯᖯ,xn--7oea
321035,ta,τα,xn--mxa1b
321988,projedefirsat,projedefırsat,xn--projedefrsat-84b
323845,kx,кх,xn--j1aw
330082,tarafsizhaber,tarafsızhaber,xn--tarafszhaber-64b
331683,onaltiyildiz,onaltıyıldız,xn--onaltyldz-zpbbc
337438,faydalari,faydaları,xn--faydalar-0kb
338537,yenitoptanci,yenitoptancı,xn--yenitoptanc-9zb
341339,yarisdergisi,yarısdergisi,xn--yarsdergisi-1zb
343299,cp,ср,xn--p1ab
351208,ctc,стс,xn--q1aac
353156,rn,ᴍ,xn--37f
353156,rn,ʍ,xn--9oa
353156,rn,м,xn--l1a
361513,korn,ком,xn--j1aef
362973,it,іт,xn--r1a3b
362973,it,ıt,xn--t-eka
362973,it,ιτ,xn--uxaw
367159,birissine,bırıssıne,xn--brssne-p9abc
370659,zipkinci,zıpkıncı,xn--zpknc-n4acc
376852,oka,ока,xn--80atl
377838,pizza,pizᴢa,xn--piza-i63a
377838,pizza,pızza,xn--pzza-lza
381352,ki,kı,xn--k-fka
385267,ara,ага,xn--80aai
387728,ok,ᴏᴋ,xn--17fh
387728,ok,ок,xn--j1ah
387728,ok,οκ,xn--vxaj
390149,isi,ısı,xn--s-ekab
390155,canyayinlari,canyayınları,xn--canyaynlar-2ube
391491,accace,ассасе,xn--80aap0cab
392359,canliskor2,canlıskor2,xn--canlskor2-ypb
394750,ceo,сео,xn--e1ash
398675,ec,ес,xn--e1ay
399655,kr,кг,xn--c1an
404248,kutupayisi,kutupayısı,xn--kutupays-zkbb
408154,daihatsu,daıhatsu,xn--dahatsu-sfb
409525,uptake,цртаке,xn--80akowkw
409525,uptake,uptaĸe,xn--uptae-x5a
412839,e,ҽ,xn--94a
412839,e,℮,xn--b3g
412839,e,е,xn--e1a
416339,rpa,гра,xn--80af3b
417259,kitabinabak,kitabınabak,xn--kitabnabak-1ub
417987,ayakkabionline,ayakkabıonline,xn--ayakkabonline-99b
418447,xxxx,××××,xn--rcaaaa
418447,xxxx,хххх,xn--u1aaaa
419677,hess,һеѕѕ,xn--e1a8da91b
424074,superonline,superonlıne,xn--superonlne-4ub
424870,y,ɣ,xn--2na
424870,y,ʏ,xn--cpa
424870,y,γ,xn--oxa
424870,y,у,xn--s1a
424870,y,ү,xn--v4a
425266,racetrac,гасетгас,xn--80aahbj5edf
425484,hobitutkunlari,hobitutkunları,xn--hobitutkunlar-gbc
427687,zizigo,zızıgo,xn--zzgo-lzab
428519,ap,ар,xn--80a6a
428519,ap,αρ,xn--mxa6a
428628,acy,асу,xn--80a8ag
428659,pk,рк,xn--j1al
434341,noc,пос,xn--n1abh
434889,kosovalisaat,kosovalısaat,xn--kosovalsaat-5zb
438093,aes,аеѕ,xn--80ak0h
438093,aes,æs,xn--s-3fa
438833,pelininayakkabilari,pelininayakkabiları,xn--pelininayakkabilar-v0c
438833,pelininayakkabilari,pelininayakkabıları,xn--pelininayakkablar-pvcd
440299,sh,ѕһ,xn--b2a8r
441902,cigital,ciɡital,xn--ciital-j0c
443984,six-group,six-grᴏup,xn--six-grup-fz7c
444255,eczacininsesi,eczacınınsesi,xn--eczacnnsesi-3zbb
444672,bizdehesapli,bizdehesaplı,xn--bizdehesapl-9zb
445847,oct,ост,xn--n1agd
446135,vitsoe,vitsœ,xn--vits-j4a
448627,ktr,ктг,xn--c1any
451358,yoyo,уоуо,xn--n1aanb
451358,yoyo,γογο,xn--oxaa9ab
452398,czechestrogenolit,czechestrogenolıt,xn--czechestrogenolt-oqc
453995,akyazihaber,akyazıhaber,xn--akyazhaber-1ub
455346,ur,цг,xn--c1a1b
456217,zararlari,zararları,xn--zararlar-0kb
461783,arn,ам,xn--80ay
470500,gov,ɡov,xn--ov-igb
471516,poker,рокег,xn--c1adopj
471516,poker,poĸer,xn--poer-m0a
472172,aef,æf,xn--f-3fa
473587,takibu,takıbu,xn--takbu-p4a
474488,youtibe,youtıbe,xn--youtbe-s9a
476823,sinavsorucevap,sınavsorucevap,xn--snavsorucevap-39b
478547,blpprofessional,blpprofessionɑl,xn--blpprofessionl-xyf
481712,hizlisaat,hızlısaat,xn--hzlsaat-rfbc
485269,av,αν,xn--mxay
489419,arna,ама,xn--80aa9a
491504,eci,есі,xn--e1ay4d
491613,firat,fırat,xn--frat-lza
491655,altinsepeti,altınsepeti,xn--altnsepeti-zub
491655,altinsepeti,altınsepetı,xn--altnsepet-xpbg
493053,yapikatalogu,yapıkatalogu,xn--yapkatalogu-1zb
497842,ski,skı,xn--sk-ipa
498969,io,іо,xn--n1a1c
498969,io,ɪo,xn--o-91a
498969,io,ıo,xn--o-eka
506127,sevgilikitabi,sevgilikitabı,xn--sevgilikitab-d5b
506775,hk,hĸ,xn--h-tka
509039,dizibox,dızıbox,xn--dzbox-n4ab
510537,nivea,nıvea,xn--nvea-lza
511137,aydingazete,aydıngazete,xn--aydngazete-zub
512983,oynadi,oynadı,xn--oynad-r4a
513185,icodia,ісоԁіа,xn--80a1ai7fc93h
515844,ny,пу,xn--o1ai
516259,istebuayakkabi,istebuayakkabı,xn--istebuayakkab-gbc
519203,top,тор,xn--n1aee
519586,altinoluk,altınoluk,xn--altnoluk-vkb
519978,opex,орех,xn--e1argv
531161,doodie,ԁооԁӏе,xn--e1ara49cxhc
538933,acikinca,acıkınca,xn--acknca-q9ab
540763,kiyaslahadi,kıyaslahadi,xn--kyaslahadi-xub
541337,index,ındex,xn--ndex-kza
542564,sifirci,sıfırcı,xn--sfrc-lzabc
545700,halistores,halıstores,xn--halstores-xpb
546663,r,г,xn--c1a
547645,arikovani,arıkovanı,xn--arkovan-sfbf
549352,sexxxhd,ѕехххһԁ,xn--e1a6aaa0f15akp
550986,yiutube,yıutube,xn--yutube-p9a
555356,napa,пара,xn--80aa7bf
560669,pierrecardin,pıerrecardin,xn--perrecardin-zzb
560669,pierrecardin,pıerrecardın,xn--perrecardn-xubi
566975,eksenyayinlari,eksenyayınları,xn--eksenyaynlar-84be
568920,kariyerkitaplari,kariyerkitapları,xn--kariyerkitaplar-mlc
568997,netbaski,netbaskı,xn--netbask-xfb
570683,capa,сара,xn--80aa1cc
573533,hc,һс,xn--q1a7v
583134,icralik,icralık,xn--icralk-t9a
586148,grihafiza,grihafıza,xn--grihafza-ykb
586811,nerdehani,nerdehanı,xn--nerdehan-0kb
594772,life,lıfe,xn--lfe-jua
596183,yx,ух,xn--s1ae
598935,ip,ӏр,xn--p1a9z
598935,ip,ıp,xn--p-eka
608129,csgohill,csgohıll,xn--csgohll-vfb
613158,p,ρ,xn--2xa
613158,p,р,xn--p1a
614160,cpo,сро,xn--n1adc
614163,arkia,агкіа,xn--80aai2a4k
615967,k,ᴋ,xn--17f
615967,k,к,xn--j1a
615967,k,ĸ,xn--jfa
615967,k,κ,xn--vxa
619836,skykik,skykık,xn--skykk-q4a
621273,ir,іг,xn--c1a3e
621273,ir,ır,xn--r-eka
625072,yay,уау,xn--80a1bb
633376,sakirabi,sakırabi,xn--sakrabi-tfb
635743,ph,рһ,xn--p1a0w
649890,picc,рісс,xn--p1aca6f
650051,o-i,о-і,xn----0tb7e
650587,li,lı,xn--l-fka
653028,asia,аѕіа,xn--80aa4ie
658918,argos,ɑrgos,xn--rgos-p5b
663261,sehirfirsati,sehirfırsatı,xn--sehirfrsat-2ube
663314,pupadankapiniza,pupadankapınıza,xn--pupadankapnza-dbcb
664975,loan,loɑn,xn--lon-hsb
666157,hirdavatan,hırdavatan,xn--hrdavatan-vpb
672215,oo,οο,xn--0xaa
672215,oo,σσ,xn--4xaa
672215,oo,∞,xn--59g
672215,oo,ꝏ,xn--d48a
672215,oo,٥٥,xn--eiba
672215,oo,၀၀,xn--hkda
672215,oo,هه,xn--jhba
672215,oo,סס,xn--meba
672215,oo,оо,xn--n1aa
672215,oo,օօ,xn--zbba
675685,kunduraci,kunduracı,xn--kundurac-0kb
677298,sapho,ѕарһо,xn--80a2af6f6y
677935,eskyspace,esĸyspace,xn--esyspace-nmb
684748,dierre,dıerre,xn--derre-n4a
686704,prefabrikyapi,prefabrikyapı,xn--prefabrikyap-d5b
690967,poo,роо,xn--n1aae
693102,do,ԁо,xn--n1a30b
699463,ex,ех,xn--e1a6a
699864,sporcupazari,sporcupazarı,xn--sporcupazar-9zb
702548,atk,атк,xn--80aux
707531,respironics,respıronıcs,xn--resproncs-ypbd
711666,ceptarifeleri,ceptarıfeleri,xn--ceptarfeleri-64b
711666,ceptarifeleri,ceptarifelerı,xn--ceptarifeler-d5b
713101,y3,у3,xn--3-bub
713983,adatavir,adatavır,xn--adatavr-wfb
718616,phoenix,phœnix,xn--phnix-ibb
722637,okay,окау,xn--80atlw
723838,yakit,yakıt,xn--yakt-nza
726054,itunes,ıtunes,xn--tunes-m4a
731410,giybet,gıybet,xn--gybet-n4a
733100,ustasiburada,ustasıburada,xn--ustasburada-3zb
739558,akindil,akındil,xn--akndil-q9a
739623,et,ет,xn--e1a0a
741452,xu,хц,xn--u1ac
744204,ziraatbank,zıraatbank,xn--zraatbank-vpb
746974,googie,gᴏᴏgɩe,xn--gge-7ub2225aa
746974,googie,googɩe,xn--googe-7nc
746974,googie,googıe,xn--googe-q4a
746974,googie,ɡooɡie,xn--ooie-z7bc
747848,halipratik,halıpratik,xn--halpratik-xpb
748378,gd,ɡd,xn--d-r1a
752585,dz,ʣ,xn--wpa
754963,katilbize,katılbize,xn--katlbize-vkb
756872,cua,сца,xn--80a7ap
757117,is,ӏѕ,xn--b2a7v
757117,is,іѕ,xn--b2ab
757117,is,ɪs,xn--s-91a
757117,is,ıs,xn--s-eka
758967,7n,7π,xn--7-umb
761045,sinavbul,sınavbul,xn--snavbul-rfb
761798,hd,һԁ,xn--74a4l
762918,aeg,æg,xn--g-3fa
764423,sabanci,sabancı,xn--sabanc-u9a
764649,organiksatinal,organiksatınal,xn--organiksatnal-dbc
765735,tani,tanı,xn--tan-lua
769346,69,6୨,xn--6-ute
769346,69,б9,xn--9-9sb
772016,renaulttoptancisi,renaulttoptancısı,xn--renaulttoptancs-llcb
772950,cara,сага,xn--80aai8c
774220,sipa,sıpa,xn--spa-jua
776312,karna,кама,xn--80aa2aj
777122,vichy,vıchy,xn--vchy-lza
779872,lo,١٥,xn--9hbi
779872,lo,اه,xn--mgb8d
783091,itc,ıtc,xn--tc-gpa
785767,rc,гс,xn--c1a2a
793907,kizlararasinda,kızlararasında,xn--kzlararasnda-14bi
794616,sanliurfa,sanlıurfa,xn--sanlurfa-wkb
800370,apps,аррѕ,xn--80a6aa8f
800885,poet,pœt,xn--pt-esa
803856,hi,һі,xn--c2a5r
803856,hi,hı,xn--h-fka
807490,to,το,xn--0xaj
807490,to,то,xn--n1ah
807490,to,tᴏ,xn--t-26l
807490,to,tᴑ,xn--t-66l
817286,odaci,odacı,xn--odac-oza
825643,tipfak,tıpfak,xn--tpfak-n4a
826318,kaynakyayinlari,kaynakyayınları,xn--kaynakyaynlar-cbce
826467,2x,2х,xn--2-gub
828860,ascii,ascıı,xn--asc-luaa
829668,saoclub,saᴏclub,xn--saclub-j15b
830745,ilansahibi,ılansahıbı,xn--lansahb-qfbgb
835518,aydinsaat,aydınsaat,xn--aydnsaat-vkb
835685,alfabank,alfabanĸ,xn--alfaban-jhb
838237,kalkanlikeyif,kalkanlıkeyif,xn--kalkanlkeyif-74b
838295,universal,unıversal,xn--unversal-ukb
843942,apache,арасһе,xn--80aap6bg64e
844595,tarikediz,tarıkediz,xn--tarkediz-vkb
846091,d,ᑯ,xn--2fe
846091,d,ԁ,xn--76a
847865,aklindatut,aklındatut,xn--aklndatut-xpb
850308,ho,һо,xn--n1a3w
854219,kibrisaraba,kıbrısaraba,xn--kbrsaraba-vpbc
855847,ultra-electronics,ultra-electronıcs,xn--ultra-electroncs-nqc
858748,kibris,kıbrıs,xn--kbrs-lzac
864118,pertdunyasi,pertdunyası,xn--pertdunyas-6ub
867038,gta-sarp,ɡta-sarp,xn--ta-sarp-7ed
867528,nyakin,nyakın,xn--nyakn-q4a
868771,bookingcar,bookıngcar,xn--bookngcar-ypb
869544,qapco,ԛарсо,xn--80a2afe10i
873053,o,ہ,xn--0kb
873053,o,ο,xn--0xa
873053,o,σ,xn--4xa
873053,o,ᴏ,xn--57f
873053,o,ᴑ,xn--77f
873053,o,๐,xn--b5c
873053,o,౦,xn--brc
873053,o,૦,xn--cgc
873053,o,०,xn--d4b
873053,o,٥,xn--eib
873053,o,ဝ,xn--hjd
873053,o,၀,xn--hkd
873053,o,۵,xn--imb
873053,o,ه,xn--jhb
873053,o,ە,xn--llb
873053,o,ס,xn--meb
873053,o,ഠ,xn--mwc
873053,o,൦,xn--myc
873053,o,о,xn--n1a
873053,o,௦,xn--nnc
873053,o,੦,xn--occ
873053,o,ھ,xn--xkb
873053,o,໐,xn--y8c
873053,o,೦,xn--yuc
873053,o,օ,xn--zbb
877152,seslidunya,seslıdunya,xn--sesldunya-ypb
878393,evinterneti,evinternetı,xn--evinternet-6ub
878393,evinterneti,evınterneti,xn--evnterneti-yub
878897,spy,ѕру,xn--p1ag6c
882085,vaillant,vaıllant,xn--vallant-sfb
883379,isuzu,ısuzu,xn--suzu-kza
892127,xoxo,хохо,xn--n1aatb
899307,balikesir,balıkesir,xn--balkesir-vkb
902649,telefonparcasi,telefonparcası,xn--telefonparcas-gbc
905312,altinstar,altınstar,xn--altnstar-vkb
908773,bakiniz,bakınız,xn--baknz-p4ab
909844,artist,ɑrtist,xn--rtist-zjc
911944,nasilyapilabilir,nasılyapılabilir,xn--naslyaplabilir-7fce
912199,id,іԁ,xn--c2a65a
912199,id,ıd,xn--d-eka
912589,denizpazari,denizpazarı,xn--denizpazar-6ub
913650,online,onlıne,xn--onlne-p4a
917841,cra,сга,xn--80af5b
921160,hirdavatburada,hırdavatburada,xn--hrdavatburada-39b
926097,try,тгу,xn--c1a3ae
926912,uhg,ᴜhg,xn--hg-16r
926912,uhg,uhɡ,xn--uh-kgb
926952,62,б2,xn--2-9sb
928910,nana,папа,xn--80aa7bb
930086,jr,јг,xn--c1a7e
930480,alliander,allıander,xn--allander-vkb
935278,pay,рау,xn--80a5ak
935278,pay,ραγ,xn--mxae4b
935278,pay,pɑy,xn--py-5eb
935359,epsilonyayinevi,epsilonyayınevi,xn--epsilonyaynevi-fgc
943399,takidasanat,takıdasanat,xn--takdasanat-zub
948080,yoitube,yoıtube,xn--yotube-q9a
953758,royalhali,royalhalı,xn--royalhal-0kb
957459,ivf,ıvf,xn--vf-gpa
968977,aed,æd,xn--d-3fa
975461,pegasusyayinlari,pegasusyayınları,xn--pegasusyaynlar-fgce
977791,2,ᒿ,xn--die
983146,nobeltip,nobeltıp,xn--nobeltp-wfb
986214,city,сіту,xn--q1acd8e
988364,aktif,aktıf,xn--aktf-nza
988617,aslibisiklet,aslıbisiklet,xn--aslbisiklet-1zb
988858,beyazfirin,beyazfırın,xn--beyazfrn-ykbb
990827,pia,ріа,xn--80a5a1d
993934,gg,ɡɡ,xn--0naa
995463,instajans,ınstajans,xn--nstajans-skb
997773,bonusdenizbank,bonusdenızbank,xn--bonusdenzbank-bbc
